Name,Market Share,Units Sold,Last Revision Date,Stock Out,Pfmn,Size,Position Difference,Price,Price Difference,MTBF,MTBF Difference,Age,Age Difference,Promo Budget,Customer Awareness,Sales Budget,Customer Accessibility,Segment,Round,Position Out of Range,Price Out of Range,MTBF Out of Range,Age Out of Range,CSS
Able,0.2,1081,11/21/2018,0,6.4,13.6,1.5556349186104046,33.0,18.0,21000,0,4.1,1.0999999999999996,2000.0,0.82,2000.0,0.49,0,1,0,0,0,1,21.0
Cake,0.19,1028,4/23/2022,0,6.0,14.0,0.9899494936611661,33.0,18.0,20000,0,2.39,0.6099999999999999,2000.0,0.82,1500.0,0.42,0,1,0,0,0,0,25.0
Fast,0.16,895,7/12/2022,0,5.8,14.2,0.7071067811865476,35.0,20.0,18000,2000,2.28,0.7200000000000002,1900.0,0.8,1900.0,0.48,0,1,0,1,0,0,19.0
Daze,0.16,873,7/2/2023,0,6.4,13.6,1.5556349186104046,34.0,19.0,21000,0,4.1,1.0999999999999996,2000.0,0.82,1000.0,0.35,0,1,0,0,0,1,17.0
Baker,0.16,867,5/1/2023,1,6.4,13.6,1.5556349186104046,34.0,19.0,21000,0,4.1,1.0999999999999996,1800.0,0.79,2900.0,0.58,0,1,0,0,0,1,21.0
Eat,0.14,779,5/7/2022,0,6.0,14.0,0.9899494936611661,34.0,19.0,19000,1000,2.37,0.6299999999999999,1200.0,0.65,1200.0,0.37,0,1,0,0,0,0,18.0
Able,0.19,500,11/21/2018,0,6.4,13.6,2.4041630560342604,33.0,8.0,21000,2000,4.1,4.1,2000.0,0.82,2000.0,0.5,1,1,0,0,0,1,13.0
Cake,0.19,495,4/23/2022,0,6.0,14.0,2.969848480983499,33.0,8.0,20000,3000,2.39,2.39,2000.0,0.82,1500.0,0.43,1,1,0,0,0,1,12.0
Fast,0.16,416,7/12/2022,0,5.8,14.2,3.2526911934581175,35.0,10.0,18000,5000,2.28,2.28,1900.0,0.8,1900.0,0.48,1,1,0,0,0,1,9.0
Daze,0.16,411,7/2/2023,0,6.4,13.6,2.4041630560342604,34.0,9.0,21000,2000,4.1,4.1,2000.0,0.82,1000.0,0.35,1,1,0,0,0,1,11.0
Baker,0.16,409,5/1/2023,1,6.4,13.6,2.4041630560342604,34.0,9.0,21000,2000,4.1,4.1,1800.0,0.79,2900.0,0.58,1,1,0,0,0,1,13.0
Eat,0.15,383,5/7/2022,0,6.0,14.0,2.969848480983499,34.0,9.0,19000,4000,2.37,2.37,1200.0,0.65,1200.0,0.38,1,1,0,0,0,1,9.0
Able,0.2,1248,2/19/2023,1,6.3,13.7,0.7071067811865476,33.0,18.0,21000,0,2.98,0.020000000000000018,2000.0,1.0,2000.0,0.55,0,2,0,0,0,0,34.0
Fast,0.2,1192,1/15/2023,1,5.8,14.2,0.0,34.0,19.0,19000,1000,3.28,0.2799999999999998,1900.0,0.97,1900.0,0.53,0,2,0,0,0,0,30.0
Cake,0.19,1176,4/23/2022,1,6.0,14.0,0.2828427124746186,32.5,17.5,20000,0,3.39,0.3900000000000001,1200.0,0.82,1500.0,0.43,0,2,0,0,0,0,29.0
Eat,0.19,1150,5/7/2022,0,6.0,14.0,0.2828427124746186,34.0,19.0,19000,1000,3.37,0.3700000000000001,2500.0,0.92,2500.0,0.53,0,2,0,0,0,0,28.0
Baker,0.12,728,5/1/2023,0,5.0,15.0,1.1313708498984765,33.5,18.5,14500,5500,2.88,0.1200000000000001,1000.0,0.74,2800.0,0.69,0,2,0,0,0,0,16.0
Daze,0.1,602,7/2/2023,0,4.8,15.2,1.4142135623730951,35.0,20.0,14000,6000,2.8,0.20000000000000018,1900.0,0.98,2000.0,0.45,0,2,0,1,1,0,11.0
Cookie,0.0,1,6/15/2023,1,8.4,11.6,3.6769552621700474,43.0,28.0,20000,0,0.54,2.46,2000.0,0.7,1500.0,0.43,0,2,0,1,0,1,0.0
Able,0.2,624,2/19/2023,1,6.3,13.7,3.535533905932738,33.0,8.0,21000,2000,2.98,2.98,2000.0,1.0,2000.0,0.6,1,2,0,0,0,1,12.0
Eat,0.14,447,5/7/2022,0,6.0,14.0,3.959797974644667,34.0,9.0,19000,4000,3.37,3.37,2500.0,0.92,2500.0,0.53,1,2,0,0,0,1,7.0
Cake,0.14,438,4/23/2022,1,6.0,14.0,3.959797974644667,32.5,7.5,20000,3000,3.39,3.39,1200.0,0.82,1500.0,0.6,1,2,0,0,0,1,8.0
Faster,0.13,399,6/2/2023,1,8.4,11.5,0.5000000000000007,45.0,20.0,17500,5500,0.58,0.58,1700.0,0.65,1700.0,0.66,1,2,0,1,0,0,29.0
Fast,0.13,398,1/15/2023,1,5.8,14.2,4.242640687119286,34.0,9.0,19000,4000,3.28,3.28,1900.0,0.97,1900.0,0.66,1,2,1,0,0,1,8.0
Daze,0.08,246,7/2/2023,0,4.8,15.2,5.656854249492381,35.0,10.0,14000,9000,2.8,2.8,1900.0,0.98,2000.0,0.46,1,2,1,0,1,1,0.0
Baker,0.08,243,5/1/2023,0,5.0,15.0,5.374011537017762,33.5,8.5,14500,8500,2.88,2.88,1000.0,0.74,2800.0,0.69,1,2,1,0,1,1,1.0
Cookie,0.07,213,6/15/2023,1,8.4,11.6,0.5656854249492386,43.0,18.0,20000,3000,0.54,0.54,2000.0,0.7,1500.0,0.6,1,2,0,0,0,0,34.0
Able1,0.03,106,9/21/2023,1,9.5,10.5,0.9899494936611656,45.0,20.0,17000,6000,0.27,0.27,1000.0,0.46,1000.0,0.6,1,2,0,1,1,0,15.0
Cake,0.23,1539,4/23/2022,0,6.0,14.0,0.4242640687119289,31.5,16.5,20000,0,4.39,1.3899999999999997,1800.0,0.97,1500.0,0.44,0,3,0,0,0,1,25.0
Able,0.22,1456,2/27/2024,0,6.3,13.7,0.0,33.0,18.0,17000,3000,3.98,0.98,1522.0,1.0,3000.0,0.68,0,3,0,0,0,0,25.0
Fast,0.19,1261,10/3/2024,1,6.8,13.2,0.7071067811865476,33.5,18.5,19000,1000,2.26,0.7400000000000002,1500.0,1.0,2200.0,0.6,0,3,0,0,0,0,29.0
Eat,0.17,1103,6/11/2024,0,6.3,13.7,0.0,33.0,18.0,14000,6000,2.46,0.54,2000.0,1.0,2000.0,0.59,0,3,0,0,1,0,18.0
Baker,0.12,791,3/20/2024,1,5.0,15.0,1.838477631085024,32.0,17.0,20000,0,3.88,0.8799999999999999,1000.0,0.71,2800.0,0.81,0,3,0,0,0,0,28.0
Daze,0.08,501,9/29/2024,0,5.8,14.2,0.7071067811865476,32.0,17.0,14000,6000,2.02,0.98,0.0,0.66,0.0,0.35,0,3,0,0,1,0,10.0
Baker1,0.0,8,9/29/2024,0,8.1,11.8,2.617250465660479,44.0,29.0,17500,2500,0.24,2.76,2000.0,0.7,3000.0,0.81,0,3,0,1,0,1,1.0
Ear,0.0,6,9/1/2024,1,8.8,11.2,3.535533905932738,42.5,27.5,19000,1000,0.32,2.68,2000.0,0.7,2000.0,0.59,0,3,0,1,0,1,1.0
Faster,0.24,902,10/8/2024,0,9.5,10.5,0.0,45.0,20.0,18000,5000,0.9,0.9,1900.0,0.87,2200.0,0.79,1,3,0,1,0,0,36.0
Able1,0.22,831,9/21/2023,0,9.5,10.5,0.0,45.0,20.0,17000,6000,1.27,1.27,2000.0,0.76,3000.0,0.75,1,3,0,1,1,1,28.0
Cookie,0.21,779,6/15/2023,0,8.4,11.6,1.5556349186104041,45.0,20.0,20000,3000,1.54,1.54,2000.0,0.92,1500.0,0.72,1,3,0,1,0,1,21.0
Cake,0.07,252,4/23/2022,0,6.0,14.0,4.949747468305833,31.5,6.5,20000,3000,4.39,4.39,1800.0,0.97,1500.0,0.72,1,3,1,0,0,1,6.0
Ear,0.06,217,9/1/2024,1,8.8,11.2,0.9899494936611656,42.5,17.5,19000,4000,0.32,0.32,2000.0,0.7,2000.0,0.7,1,3,0,0,0,0,34.0
Able,0.06,215,2/27/2024,0,6.3,13.7,4.525483399593904,33.0,8.0,17000,6000,3.98,3.98,1522.0,1.0,3000.0,0.75,1,3,1,0,1,1,6.0
Fast,0.06,215,10/3/2024,1,6.8,13.2,3.818376618407356,33.5,8.5,19000,4000,2.26,2.26,1500.0,1.0,2200.0,0.79,1,3,0,0,0,1,14.0
Eat,0.04,168,6/11/2024,0,6.3,13.7,4.525483399593904,33.0,8.0,14000,9000,2.46,2.46,2000.0,1.0,2000.0,0.7,1,3,1,0,1,1,3.0
Baker1,0.03,127,9/29/2024,0,8.1,11.8,1.9104973174542808,44.0,19.0,17500,5500,0.24,0.24,2000.0,0.7,3000.0,0.78,1,3,0,0,0,0,23.0
Digby,0.01,41,10/13/2024,1,8.1,11.9,1.9798989873223336,45.0,20.0,17000,6000,0.2,0.2,0.0,0.25,1000.0,0.38,1,3,0,1,1,0,11.0
Baker,0.01,20,3/20/2024,1,5.0,15.0,6.363961030678928,32.0,7.0,20000,3000,3.88,3.88,1000.0,0.71,2800.0,0.78,1,3,1,0,0,1,0.0
Daze,0.0,10,9/29/2024,0,5.8,14.2,5.232590180780451,32.0,7.0,14000,9000,2.02,2.02,0.0,0.66,0.0,0.38,1,3,1,0,1,1,1.0
Able,0.17,840,11/21/2018,0,6.4,13.6,2.262741699796952,34.0,19.0,21000,0,3.1,0.10000000000000009,1000.0,0.55,1000.0,0.4,0,0,0,0,0,0,18.0
Baker,0.17,840,11/21/2018,0,6.4,13.6,2.262741699796952,34.0,19.0,21000,0,3.1,0.10000000000000009,1000.0,0.55,1000.0,0.4,0,0,0,0,0,0,18.0
Cake,0.17,840,11/21/2018,0,6.4,13.6,2.262741699796952,34.0,19.0,21000,0,3.1,0.10000000000000009,1000.0,0.55,1000.0,0.4,0,0,0,0,0,0,18.0
Daze,0.17,840,11/21/2018,0,6.4,13.6,2.262741699796952,34.0,19.0,21000,0,3.1,0.10000000000000009,1000.0,0.55,1000.0,0.4,0,0,0,0,0,0,18.0
Eat,0.17,840,11/21/2018,0,6.4,13.6,2.262741699796952,34.0,19.0,21000,0,3.1,0.10000000000000009,1000.0,0.55,1000.0,0.4,0,0,0,0,0,0,18.0
Fast,0.17,840,11/21/2018,0,6.4,13.6,2.262741699796952,34.0,19.0,21000,0,3.1,0.10000000000000009,1000.0,0.55,1000.0,0.4,0,0,0,0,0,0,18.0
Able,0.17,360,11/21/2018,0,6.4,13.6,1.4142135623730951,34.0,9.0,21000,2000,3.1,3.1,1000.0,0.55,1000.0,0.41,1,0,0,0,0,1,16.0
Baker,0.17,360,11/21/2018,0,6.4,13.6,1.4142135623730951,34.0,9.0,21000,2000,3.1,3.1,1000.0,0.55,1000.0,0.41,1,0,0,0,0,1,16.0
Cake,0.17,360,11/21/2018,0,6.4,13.6,1.4142135623730951,34.0,9.0,21000,2000,3.1,3.1,1000.0,0.55,1000.0,0.41,1,0,0,0,0,1,16.0
Daze,0.17,360,11/21/2018,0,6.4,13.6,1.4142135623730951,34.0,9.0,21000,2000,3.1,3.1,1000.0,0.55,1000.0,0.41,1,0,0,0,0,1,16.0
Eat,0.17,360,11/21/2018,0,6.4,13.6,1.4142135623730951,34.0,9.0,21000,2000,3.1,3.1,1000.0,0.55,1000.0,0.41,1,0,0,0,0,1,16.0
Fast,0.17,360,11/21/2018,0,6.4,13.6,1.4142135623730951,34.0,9.0,21000,2000,3.1,3.1,1000.0,0.55,1000.0,0.41,1,0,0,0,0,1,16.0
Baker,0.19,1049,4/29/2022,1,6.4,14.2,1.2083045973594577,32.95,17.950000000000003,20000,0,2.39,0.6099999999999999,2000.0,0.82,3000.0,0.58,0,1,0,0,0,0,29.0
Cake,0.18,968,7/12/2022,0,5.8,14.2,0.7071067811865476,33.5,18.5,18000,2000,2.28,0.7200000000000002,2000.0,0.82,2500.0,0.55,0,1,0,0,0,0,22.0
Able,0.17,960,7/26/2022,0,5.8,14.2,0.7071067811865476,33.0,18.0,17000,3000,2.26,0.7400000000000002,2000.0,0.82,2500.0,0.55,0,1,0,0,0,0,21.0
Fast,0.17,935,8/5/2022,0,5.7,14.3,0.5656854249492372,34.5,19.5,18300,1700,2.25,0.75,1900.0,0.8,2300.0,0.53,0,1,0,0,0,0,22.0
Eat,0.16,911,11/9/2022,1,5.3,14.7,0.0,34.0,19.0,20000,0,2.12,0.8799999999999999,2500.0,0.86,2500.0,0.55,0,1,0,0,0,0,28.0
Daze,0.13,701,11/21/2018,0,6.4,13.6,1.5556349186104046,34.0,19.0,21000,0,4.1,1.0999999999999996,1000.0,0.58,1000.0,0.35,0,1,0,0,0,1,15.0
Baker,0.21,543,4/29/2022,1,6.4,14.2,2.860069929215017,32.95,7.950000000000003,20000,3000,2.39,2.39,2000.0,0.82,3000.0,0.59,1,1,0,0,0,1,15.0
Able,0.17,447,7/26/2022,0,5.8,14.2,3.2526911934581175,33.0,8.0,17000,6000,2.26,2.26,2000.0,0.82,2500.0,0.55,1,1,0,0,1,1,10.0
Cake,0.17,446,7/12/2022,0,5.8,14.2,3.2526911934581175,33.5,8.5,18000,5000,2.28,2.28,2000.0,0.82,2500.0,0.55,1,1,0,0,0,1,11.0
Fast,0.16,425,8/5/2022,0,5.7,14.3,3.394112549695428,34.5,9.5,18300,4700,2.25,2.25,1900.0,0.8,2300.0,0.53,1,1,0,0,0,1,10.0
Eat,0.16,414,11/9/2022,1,5.3,14.7,3.9597979746446654,34.0,9.0,20000,3000,2.12,2.12,2500.0,0.86,2500.0,0.55,1,1,0,0,0,1,12.0
Daze,0.13,338,11/21/2018,0,6.4,13.6,2.4041630560342604,34.0,9.0,21000,2000,4.1,4.1,1000.0,0.58,1000.0,0.35,1,1,0,0,0,1,9.0
Eat,0.21,1253,11/9/2022,0,5.3,14.7,0.7071067811865476,33.5,18.5,20000,0,3.12,0.1200000000000001,1900.0,1.0,3000.0,0.68,0,2,0,0,0,0,37.0
Fast,0.19,1128,1/6/2023,0,5.7,14.3,0.14142135623731025,34.0,19.0,18700,1300,3.25,0.25,1800.0,0.96,3000.0,0.67,0,2,0,0,0,0,33.0
Able,0.17,1053,7/26/2022,0,5.8,14.2,0.0,31.99,16.99,17000,3000,3.26,0.2599999999999998,2000.0,1.0,3000.0,0.68,0,2,0,0,0,0,31.0
Cake,0.16,945,7/12/2022,0,5.8,14.2,0.0,32.5,17.5,18000,2000,3.28,0.2799999999999998,1800.0,0.97,1500.0,0.52,0,2,0,0,0,0,28.0
Baker,0.15,932,3/3/2023,0,6.2,14.0,0.4472135954999579,34.89,19.89,20000,0,2.11,0.8900000000000001,2000.0,1.0,3000.0,0.73,0,2,0,0,0,0,32.0
Daze,0.13,788,6/20/2023,0,6.0,14.0,0.2828427124746186,32.0,17.0,16000,4000,2.81,0.18999999999999995,2000.0,0.84,3000.0,0.55,0,2,0,0,0,0,24.0
Baker,0.14,427,3/3/2023,0,6.2,14.0,3.820994634908561,34.89,9.89,20000,3000,2.11,2.11,2000.0,1.0,3000.0,0.75,1,2,0,0,0,1,15.0
Better,0.13,406,4/26/2023,0,8.1,11.9,0.989949493661168,45.0,20.0,17000,6000,0.68,0.68,2000.0,0.7,3000.0,0.75,1,2,0,1,1,0,28.0
Far,0.09,276,6/29/2023,0,8.7,11.3,0.1414213562373115,45.0,20.0,17700,5300,0.5,0.5,1600.0,0.63,300.0,0.69,1,2,0,1,0,0,29.0
Eat,0.09,272,11/9/2022,0,5.3,14.7,4.949747468305834,33.5,8.5,20000,3000,3.12,3.12,1900.0,1.0,3000.0,0.72,1,2,1,0,0,1,7.0
Daze,0.09,271,6/20/2023,0,6.0,14.0,3.959797974644667,32.0,7.0,16000,7000,2.81,2.81,2000.0,0.84,3000.0,0.55,1,2,0,0,1,1,6.0
Eat+,0.09,271,7/19/2023,0,8.8,11.2,0.0,45.0,20.0,19000,4000,0.44,0.44,2000.0,0.7,3000.0,0.72,1,2,0,1,0,0,37.0
Fast,0.08,259,1/6/2023,0,5.7,14.3,4.384062043356596,34.0,9.0,18700,4300,3.25,3.25,1800.0,0.96,3000.0,0.69,1,2,1,0,0,1,8.0
Able,0.08,251,7/26/2022,0,5.8,14.2,4.242640687119286,31.99,6.989999999999998,17000,6000,3.26,3.26,2000.0,1.0,3000.0,0.72,1,2,1,0,1,1,7.0
Cake,0.08,244,7/12/2022,0,5.8,14.2,4.242640687119286,32.5,7.5,18000,5000,3.28,3.28,1800.0,0.97,1500.0,0.69,1,2,1,0,0,1,7.0
Cookie,0.08,242,7/12/2023,0,8.8,11.2,0.0,44.0,19.0,18000,5000,0.46,0.46,2000.0,0.7,1500.0,0.69,1,2,0,0,0,0,33.0
Actual,0.06,192,7/5/2023,1,8.8,11.2,0.0,44.99,19.990000000000002,17000,6000,0.48,0.48,2000.0,0.7,1500.0,0.72,1,2,0,0,1,0,30.0
Baker,0.2,1352,3/3/2023,1,6.2,14.0,0.3162277660168385,29.0,14.0,20000,0,3.11,0.10999999999999988,1400.0,1.0,3000.0,0.81,0,3,0,0,0,0,53.0
Able,0.18,1220,1/29/2024,0,5.8,14.2,0.7071067811865476,31.99,16.99,19000,1000,4.26,1.2599999999999998,1400.0,1.0,3000.0,0.77,0,3,0,0,0,1,30.0
Eat,0.17,1160,2/27/2025,0,5.3,14.7,1.4142135623730951,33.5,18.5,20000,0,4.12,1.12,1400.0,1.0,3000.0,0.77,0,3,0,0,0,1,28.0
Cake,0.16,1045,8/8/2024,0,6.6,13.4,0.4242640687119276,32.0,17.0,18000,2000,2.34,0.6600000000000001,1300.0,0.96,3000.0,0.66,0,3,0,0,0,0,31.0
Fast,0.15,1030,3/16/2025,0,5.7,14.3,0.8485281374238578,33.0,18.0,18700,1300,4.25,1.25,1500.0,1.0,2000.0,0.67,0,3,0,0,0,1,25.0
Daze,0.13,852,9/30/2024,1,6.8,13.2,0.7071067811865476,32.5,17.5,20000,0,2.03,0.9700000000000002,2000.0,1.0,2750.0,0.66,0,3,0,0,0,0,33.0
Cookie,0.0,7,7/12/2023,0,8.8,11.2,3.535533905932738,43.5,28.5,18000,2000,1.46,1.54,2000.0,0.92,1500.0,0.66,0,3,0,1,0,1,1.0
Eat+,0.15,564,7/19/2023,0,8.8,11.2,0.9899494936611656,45.0,20.0,19000,4000,1.44,1.44,2000.0,0.92,3000.0,0.83,1,3,0,1,0,1,29.0
Actual,0.14,541,7/13/2024,0,9.5,10.5,0.0,44.99,19.990000000000002,18500,4500,0.97,0.97,2000.0,0.92,1500.0,0.83,1,3,0,0,0,0,36.0
Far,0.14,539,7/26/2024,0,9.5,10.5,0.0,45.0,20.0,17500,5500,0.96,0.96,1900.0,0.86,2000.0,0.79,1,3,0,1,0,0,34.0
Cookie,0.14,513,7/12/2023,0,8.8,11.2,0.9899494936611656,43.5,18.5,18000,5000,1.46,1.46,2000.0,0.92,1500.0,0.8,1,3,0,0,0,1,26.0
Bravo,0.12,439,3/13/2024,0,9.2,10.8,0.4242640687119295,45.0,20.0,17000,6000,0.8,0.8,2000.0,0.7,3000.0,0.85,1,3,0,1,1,0,32.0
Better,0.09,350,7/17/2024,1,8.9,11.2,0.921954445729288,45.0,20.0,17000,6000,1.06,1.06,2000.0,0.92,1500.0,0.85,1,3,0,1,1,1,28.0
Baker,0.05,198,3/3/2023,1,6.2,14.0,4.810405388322277,29.0,4.0,20000,3000,3.11,3.11,1400.0,1.0,3000.0,0.85,1,3,1,0,0,1,11.0
Cake,0.04,151,8/8/2024,0,6.6,13.4,4.101219330881976,32.0,7.0,18000,5000,2.34,2.34,1300.0,0.96,3000.0,0.8,1,3,1,0,0,1,12.0
Dazzle,0.04,132,9/20/2024,1,9.5,10.5,0.0,45.0,20.0,17000,6000,0.27,0.27,2000.0,0.7,3000.0,0.72,1,3,0,1,1,0,33.0
Able,0.03,109,1/29/2024,0,5.8,14.2,5.232590180780451,31.99,6.989999999999998,19000,4000,4.26,4.26,1400.0,1.0,3000.0,0.83,1,3,1,0,0,1,4.0
Daze,0.03,109,9/30/2024,1,6.8,13.2,3.818376618407356,32.5,7.5,20000,3000,2.03,2.03,2000.0,1.0,2750.0,0.72,1,3,0,0,0,1,17.0
Fast,0.02,85,3/16/2025,0,5.7,14.3,5.374011537017761,33.0,8.0,18700,4300,4.25,4.25,1500.0,1.0,2000.0,0.79,1,3,1,0,0,1,3.0
Baker,0.18,1324,7/9/2025,1,7.0,13.0,0.2828427124746186,29.75,14.75,20000,0,2.29,0.71,1400.0,1.0,3000.0,0.85,0,4,0,0,0,0,51.0
Able,0.17,1249,5/23/2025,0,6.0,14.0,1.1313708498984765,29.5,14.5,20000,0,2.93,0.06999999999999984,1400.0,1.0,3000.0,0.83,0,4,0,0,0,0,48.0
Fast,0.16,1209,3/16/2025,0,7.1,12.9,0.4242640687119276,29.5,14.5,19000,1000,3.02,0.020000000000000018,1400.0,1.0,2600.0,0.73,0,4,0,0,0,0,46.0
Daze,0.16,1199,9/30/2024,0,6.8,13.2,0.0,32.5,17.5,20000,0,3.03,0.029999999999999805,1400.0,1.0,3000.0,0.76,0,4,0,0,0,0,46.0
Eat,0.15,1090,2/27/2025,0,6.8,13.2,0.0,34.5,19.5,20000,0,2.98,0.020000000000000018,1400.0,1.0,3000.0,0.85,0,4,0,0,0,0,41.0
Cake,0.14,1035,8/8/2024,0,6.6,13.4,0.2828427124746199,32.0,17.0,18000,2000,3.34,0.33999999999999986,1300.0,0.95,3000.0,0.77,0,4,0,0,0,0,35.0
Eat+,0.02,166,7/19/2023,0,8.8,11.2,2.8284271247461907,40.0,25.0,19000,1000,2.44,0.56,1800.0,1.0,1500.0,0.85,0,4,0,1,0,0,9.0
Active,0.01,64,3/8/2025,1,7.8,12.2,1.4142135623730951,35.0,20.0,17000,3000,0.81,2.19,2000.0,0.7,0.0,0.83,0,4,0,1,0,1,7.0
Cookie,0.01,44,7/12/2023,0,8.8,11.2,2.8284271247461907,43.5,28.5,18000,2000,2.46,0.54,1500.0,0.97,3000.0,0.77,0,4,0,1,0,0,2.0
Dazzle,0.12,548,5/13/2025,0,10.2,9.8,0.0,45.0,20.0,18000,5000,0.95,0.95,2000.0,0.92,3000.0,0.83,1,4,0,1,0,0,40.0
Bravo,0.12,522,5/21/2025,0,9.8,10.2,0.565685424949236,44.5,19.5,19500,3500,1.2,1.2,2000.0,0.92,1000.0,0.92,1,4,0,0,0,1,37.0
Actual,0.1,469,6/30/2025,0,10.2,9.8,0.0,44.99,19.990000000000002,19000,4000,1.24,1.24,1700.0,1.0,1500.0,0.78,1,4,0,0,0,1,35.0
Far,0.09,397,7/6/2025,0,10.2,9.8,0.0,44.5,19.5,18000,5000,1.22,1.22,1650.0,0.97,700.0,0.59,1,4,0,0,0,1,29.0
Elmo,0.09,387,3/16/2025,0,9.5,10.5,0.9899494936611656,45.0,20.0,20000,3000,0.79,0.79,2000.0,0.7,1500.0,0.87,1,4,0,1,0,0,32.0
Beam,0.08,376,3/8/2025,0,10.2,9.8,0.0,44.0,19.0,17000,6000,0.81,0.81,2000.0,0.7,2000.0,0.92,1,4,0,0,1,0,36.0
Eat+,0.07,331,7/19/2023,0,8.8,11.2,1.9798989873223312,40.0,15.0,19000,4000,2.44,2.44,1800.0,1.0,1500.0,0.87,1,4,0,0,0,1,16.0
Cookie,0.06,274,7/12/2023,0,8.8,11.2,1.9798989873223312,43.5,18.5,18000,5000,2.46,2.46,1500.0,0.97,3000.0,0.89,1,4,0,0,0,1,13.0
Fun,0.06,264,4/2/2025,0,10.0,10.0,0.282842712474618,45.0,20.0,17800,5200,0.75,0.75,1800.0,0.67,0.0,0.59,1,4,0,1,0,0,27.0
Daze,0.04,181,9/30/2024,0,6.8,13.2,4.808326112068522,32.5,7.5,20000,3000,3.03,3.03,1400.0,1.0,3000.0,0.83,1,4,1,0,0,1,9.0
Baker,0.04,176,7/9/2025,1,7.0,13.0,4.525483399593903,29.75,4.75,20000,3000,2.29,2.29,1400.0,1.0,3000.0,0.92,1,4,1,0,0,1,19.0
Fast,0.03,148,3/16/2025,0,7.1,12.9,4.384062043356594,29.5,4.5,19000,4000,3.02,3.02,1400.0,1.0,2600.0,0.59,1,4,1,0,0,1,11.0
Baker,0.2,1607,7/9/2025,0,7.0,13.0,0.4242640687119289,25.5,10.5,20000,0,3.29,0.29000000000000004,1385.0,1.0,3000.0,0.89,0,5,0,0,0,0,73.0
Able,0.16,1269,9/27/2026,0,7.0,13.0,0.4242640687119289,26.0,11.0,20000,0,2.09,0.9100000000000001,1400.0,1.0,1500.0,0.91,0,5,0,0,0,0,59.0
Daze,0.14,1171,4/2/2026,0,7.3,12.7,0.0,29.5,14.5,20000,0,2.39,0.6099999999999999,1400.0,1.0,3000.0,0.82,0,5,0,0,0,0,56.0
Fast,0.13,1096,7/11/2026,0,7.8,12.2,0.7071067811865476,29.5,14.5,20000,0,2.24,0.7599999999999998,1300.0,0.98,3000.0,0.81,0,5,0,0,0,0,51.0
Eat,0.13,1072,2/27/2025,0,6.8,13.2,0.7071067811865476,29.99,14.989999999999998,20000,0,3.98,0.98,1400.0,1.0,2500.0,0.92,0,5,0,0,0,0,43.0
Cake,0.1,841,8/8/2024,0,6.6,13.4,0.9899494936611675,28.95,13.95,18000,2000,4.34,1.3399999999999999,1600.0,1.0,2500.0,0.84,0,5,0,0,0,1,32.0
Eat+,0.07,555,7/19/2023,0,8.8,11.2,2.1213203435596433,35.0,20.0,19000,1000,3.44,0.43999999999999995,1400.0,1.0,2000.0,0.92,0,5,0,1,0,0,26.0
Active,0.04,360,3/8/2025,0,7.8,12.2,0.7071067811865476,35.0,20.0,17000,3000,1.81,1.19,2000.0,0.92,3000.0,0.91,0,5,0,1,0,1,22.0
Cookie,0.02,180,7/20/2026,0,8.0,12.0,0.9899494936611661,41.0,26.0,18000,2000,1.95,1.05,1500.0,1.0,2000.0,0.84,0,5,0,1,0,1,9.0
Elmo,0.0,5,11/9/2026,0,10.9,9.6,4.750789408087881,44.5,29.5,20000,0,0.96,2.04,2000.0,0.92,2000.0,0.92,0,5,1,1,0,1,0.0
Far,0.0,4,9/28/2026,0,9.0,11.0,2.4041630560342613,44.5,29.5,20000,0,1.24,1.76,1375.0,0.98,0.0,0.81,0,5,0,1,0,1,1.0
Bravo,0.1,545,6/27/2026,0,10.7,9.3,0.2828427124746205,44.5,19.5,23000,0,1.36,1.36,1615.0,1.0,1000.0,0.97,1,5,0,0,0,1,52.0
Beam,0.1,538,6/5/2026,0,10.9,9.1,0.0,45.0,20.0,23000,0,1.19,1.19,2000.0,0.92,1000.0,0.97,1,5,0,1,0,1,52.0
Dazzle,0.09,464,4/15/2026,0,10.9,9.1,0.0,45.0,20.0,18000,5000,1.33,1.33,1500.0,0.97,1500.0,0.91,1,5,0,1,0,1,38.0
Actual,0.08,426,7/7/2026,0,11.2,8.8,0.424264068711927,44.49,19.490000000000002,19500,3500,1.36,1.36,1400.0,1.0,1500.0,0.87,1,5,0,0,0,1,40.0
Fun,0.08,406,7/9/2026,0,10.9,9.1,0.0,45.0,20.0,19000,4000,1.11,1.11,1800.0,0.87,1000.0,0.72,1,5,0,1,0,1,36.0
Beau,0.08,400,3/12/2026,1,10.9,9.1,0.0,45.0,20.0,23000,0,0.8,0.8,2000.0,0.7,1000.0,0.97,1,5,0,1,0,0,51.0
Elmo,0.07,367,11/9/2026,0,10.9,9.6,0.5,44.5,19.5,20000,3000,0.96,0.96,2000.0,0.92,2000.0,0.93,1,5,0,0,0,0,42.0
Fantom,0.06,318,3/3/2026,0,10.6,9.4,0.4242640687119295,45.0,20.0,18500,4500,0.83,0.83,1800.0,0.67,0.0,0.72,1,5,0,1,0,0,32.0
Far,0.06,302,9/28/2026,0,9.0,11.0,2.687005768508881,44.5,19.5,20000,3000,1.24,1.24,1375.0,0.98,0.0,0.72,1,5,0,0,0,1,17.0
Crepe,0.05,240,6/11/2026,0,10.9,9.1,0.0,44.0,19.0,18000,5000,0.55,0.55,2000.0,0.7,1500.0,0.94,1,5,0,0,0,0,39.0
Active,0.04,210,3/8/2025,0,7.8,12.2,4.384062043356595,35.0,10.0,17000,6000,1.81,1.81,2000.0,0.92,3000.0,0.87,1,5,1,0,1,1,13.0
Daze,0.04,190,4/2/2026,0,7.3,12.7,5.091168824543142,29.5,4.5,20000,3000,2.39,2.39,1400.0,1.0,3000.0,0.91,1,5,1,0,0,1,12.0
Able,0.17,1475,9/27/2026,0,7.0,13.0,1.1313708498984765,23.0,8.0,20000,0,3.09,0.08999999999999986,1385.0,1.0,1500.0,0.96,0,6,0,0,0,0,74.0
Baker,0.16,1399,5/18/2027,0,7.7,12.3,0.14142135623731025,25.0,10.0,20000,0,2.45,0.5499999999999998,1385.0,1.0,3000.0,0.91,0,6,0,0,0,0,74.0
Daze,0.13,1167,4/2/2026,0,7.3,12.7,0.7071067811865476,29.5,14.5,20000,0,3.39,0.3900000000000001,1400.0,1.0,3000.0,0.87,0,6,0,0,0,0,57.0
Eat,0.13,1138,4/13/2027,0,7.1,12.8,0.9219544457292898,25.99,10.989999999999998,19000,1000,2.85,0.1499999999999999,1400.0,1.0,3000.0,0.97,0,6,0,0,0,0,59.0
Fast,0.13,1130,7/11/2026,0,7.8,12.2,0.0,28.75,13.75,20000,0,3.24,0.2400000000000002,1400.0,0.99,600.0,0.88,0,6,0,0,0,0,59.0
Cookie,0.09,819,7/20/2026,0,8.0,12.0,0.2828427124746186,30.0,15.0,18000,2000,2.95,0.04999999999999982,1500.0,1.0,1500.0,0.88,0,6,0,0,0,0,45.0
Far,0.07,585,9/28/2026,1,9.0,11.0,1.6970562748477136,34.0,19.0,20000,0,2.24,0.7599999999999998,1400.0,0.99,3000.0,0.88,0,6,0,0,0,0,37.0
Active,0.06,516,1/26/2027,1,7.8,12.2,0.0,30.0,15.0,20000,0,2.81,0.18999999999999995,1700.0,1.0,3000.0,0.96,0,6,0,0,0,0,62.0
Eat+,0.05,431,7/21/2027,1,7.8,12.2,0.0,29.5,14.5,19000,1000,2.44,0.56,1400.0,1.0,1500.0,0.97,0,6,0,0,0,0,48.0
Cake,0.02,202,8/8/2024,1,6.6,13.4,1.697056274847715,25.0,10.0,18000,2000,5.34,2.34,1500.0,1.0,1500.0,0.88,0,6,0,0,0,1,27.0
Actual,0.09,589,4/6/2027,0,11.6,8.4,0.0,44.49,19.490000000000002,23000,0,1.55,1.55,1385.0,1.0,1500.0,0.93,1,6,0,0,0,1,50.0
Crepe,0.09,570,4/26/2027,0,11.4,8.6,0.282842712474618,44.0,19.0,18000,5000,1.12,1.12,2000.0,0.92,3000.0,0.98,1,6,0,0,0,1,44.0
Dazzle,0.09,566,5/25/2027,0,11.6,8.4,0.0,45.0,20.0,23000,0,1.46,1.46,1500.0,1.0,1500.0,0.95,1,6,0,1,0,1,51.0
Beam,0.08,540,4/21/2027,1,11.6,8.4,0.0,44.5,19.5,23000,0,1.44,1.44,1615.0,1.0,1000.0,0.96,1,6,0,0,0,1,51.0
Bravo,0.08,530,4/27/2027,1,11.4,8.6,0.282842712474618,44.5,19.5,23000,0,1.52,1.52,1385.0,1.0,1000.0,0.96,1,6,0,0,0,1,50.0
Beau,0.08,530,4/21/2027,1,11.6,8.4,0.0,45.0,20.0,23000,0,1.25,1.25,2000.0,0.92,1000.0,0.96,1,6,0,1,0,1,51.0
Fun,0.08,522,5/9/2027,1,11.5,8.5,0.141421356237309,45.0,20.0,23000,0,1.38,1.38,1650.0,0.98,0.0,0.82,1,6,0,1,0,1,47.0
Elmo,0.08,511,7/16/2027,0,11.6,8.4,0.0,44.5,19.5,20000,3000,1.21,1.21,1750.0,1.0,2000.0,0.97,1,6,0,0,0,1,44.0
Fantom,0.07,468,8/20/2027,0,11.7,8.3,0.141421356237309,45.0,20.0,23000,0,1.09,1.09,1800.0,0.87,0.0,0.82,1,6,0,1,0,1,48.0
Apple,0.05,328,3/3/2027,1,11.6,8.4,0.0,43.49,18.490000000000002,17000,6000,0.83,0.83,2000.0,0.7,3000.0,0.93,1,6,0,0,1,0,41.0
Dazed,0.05,297,4/11/2027,1,11.6,8.4,0.0,45.0,20.0,23000,0,1.22,1.22,2000.0,0.92,1500.0,0.95,1,6,0,1,0,1,53.0
Far,0.04,289,9/28/2026,1,9.0,11.0,3.6769552621700465,34.0,9.0,20000,3000,2.24,2.24,1400.0,0.99,3000.0,0.82,1,6,0,0,0,1,18.0
Baker,0.17,1696,5/18/2027,0,7.7,12.3,0.8485281374238585,19.99,4.989999999999998,20000,0,3.45,0.4500000000000002,1385.0,1.0,3000.0,0.92,0,7,0,0,0,0,90.0
Able,0.13,1294,11/30/2028,0,8.3,11.7,0.0,22.3,7.300000000000001,20000,0,2.08,0.9199999999999999,1385.0,1.0,1500.0,0.99,0,7,0,0,0,0,77.0
Daze,0.12,1205,4/26/2028,1,7.8,12.2,0.7071067811865481,25.5,10.5,20000,0,2.53,0.4700000000000002,1400.0,1.0,3000.0,0.89,0,7,0,0,0,0,70.0
Eat,0.12,1156,6/2/2028,0,7.8,12.0,0.5830951894845312,24.5,9.5,19000,1000,2.21,0.79,1400.0,1.0,2250.0,1.0,0,7,0,0,0,0,65.0
Far,0.1,980,9/28/2026,0,9.0,11.0,0.9899494936611656,30.0,15.0,20000,0,3.24,0.2400000000000002,1375.0,0.99,3000.0,0.9,0,7,0,0,0,0,57.0
Fast,0.1,951,12/6/2028,0,9.2,10.8,1.2727922061357835,28.5,13.5,20000,0,2.15,0.8500000000000001,1375.0,0.99,0.0,0.9,0,7,0,0,0,0,47.0
Eat+,0.1,951,7/21/2027,1,7.8,12.2,0.7071067811865481,27.99,12.989999999999998,19000,1000,3.44,0.43999999999999995,1400.0,1.0,2250.0,1.0,0,7,0,0,0,0,57.0
Cookie,0.1,950,7/20/2026,1,8.0,12.0,0.4242640687119295,27.0,12.0,18000,2000,3.95,0.9500000000000002,1500.0,1.0,3000.0,0.9,0,7,0,0,0,0,51.0
Active,0.06,584,1/26/2027,1,7.8,12.2,0.7071067811865481,30.0,15.0,20000,0,3.81,0.81,1385.0,1.0,3000.0,0.99,0,7,0,0,0,0,55.0
Dazed,0.07,550,4/13/2028,0,12.3,7.7,0.0,45.0,20.0,23000,0,1.47,1.47,1600.0,1.0,1500.0,0.95,1,7,0,1,0,1,51.0
Beau,0.07,544,4/17/2028,0,12.3,7.7,0.0,44.0,19.0,23000,0,1.48,1.48,1615.0,1.0,750.0,0.96,1,7,0,0,0,1,51.0
Emu,0.07,541,2/4/2028,0,12.3,7.7,0.0,44.99,19.990000000000002,23000,0,1.32,1.32,2000.0,0.92,2250.0,1.0,1,7,0,0,0,1,53.0
Fantom,0.07,540,2/29/2028,0,12.1,7.9,0.2828427124746199,45.0,20.0,23000,0,1.46,1.46,1700.0,0.98,0.0,0.88,1,7,0,1,0,1,47.0
Beam,0.07,536,4/17/2028,0,12.3,7.7,0.0,43.5,18.5,23000,0,1.57,1.57,1385.0,1.0,750.0,0.96,1,7,0,0,0,1,50.0
Actual,0.07,535,4/26/2028,0,12.3,7.7,0.0,44.49,19.490000000000002,23000,0,1.61,1.61,1385.0,1.0,1500.0,0.98,1,7,0,0,0,1,50.0
Dazzle,0.07,526,4/14/2028,0,12.3,7.7,0.0,45.0,20.0,23000,0,1.59,1.59,1400.0,1.0,1500.0,0.95,1,7,0,1,0,1,49.0
Bravo,0.07,524,5/12/2028,0,12.2,7.8,0.14142135623731025,43.5,18.5,23000,0,1.57,1.57,1385.0,1.0,750.0,0.96,1,7,0,0,0,1,50.0
Fun,0.07,512,4/23/2028,0,12.2,7.8,0.14142135623731025,45.0,20.0,23000,0,1.53,1.53,1400.0,0.99,500.0,0.88,1,7,0,1,0,1,47.0
Elmo,0.06,505,4/13/2028,0,12.3,7.7,0.0,43.45,18.450000000000003,20000,3000,1.46,1.46,1400.0,1.0,2000.0,1.0,1,7,0,0,0,1,47.0
Crepe,0.06,434,5/24/2028,0,12.0,8.0,0.4242640687119289,44.5,19.5,18000,5000,1.36,1.36,1600.0,1.0,1500.0,0.99,1,7,0,0,0,1,39.0
Beyond,0.05,414,3/25/2028,0,12.3,7.7,0.0,45.0,20.0,23000,0,0.77,0.77,2000.0,0.7,750.0,0.96,1,7,0,1,0,0,51.0
Able,0.15,1606,11/30/2028,0,8.3,11.7,0.7071067811865476,18.99,3.9899999999999984,20000,0,3.08,0.08000000000000007,1385.0,1.0,1500.0,1.0,0,8,0,0,0,0,94.0
Baker,0.14,1537,6/17/2029,0,8.1,11.9,0.989949493661168,19.25,4.25,20000,0,2.49,0.5099999999999998,1385.0,1.0,3000.0,0.93,0,8,0,0,0,0,93.0
Daze,0.13,1351,4/26/2028,0,7.8,12.2,1.4142135623730956,22.0,7.0,20000,0,3.53,0.5299999999999998,1400.0,1.0,3000.0,0.91,0,8,0,0,0,0,76.0
Eat,0.12,1245,6/2/2028,0,7.8,12.0,1.280624847486571,21.99,6.989999999999998,19000,1000,3.21,0.20999999999999996,1400.0,1.0,1600.0,0.99,0,8,0,0,0,0,71.0
Fast,0.1,1119,12/6/2028,1,9.2,10.8,0.565685424949236,27.0,12.0,20000,0,3.15,0.1499999999999999,1375.0,0.99,3000.0,0.92,0,8,0,0,0,0,71.0
Active,0.1,1037,2/7/2029,0,8.0,12.0,1.1313708498984771,28.49,13.489999999999998,20000,0,2.86,0.14000000000000012,1385.0,1.0,3000.0,1.0,0,8,0,0,0,0,62.0
Cookie,0.09,982,7/2/2029,0,8.7,11.3,0.1414213562373115,24.49,9.489999999999998,18000,2000,2.72,0.2799999999999998,1200.0,0.95,3000.0,0.92,0,8,0,0,0,0,66.0
Far,0.09,980,6/26/2029,0,8.5,11.5,0.4242640687119295,27.0,12.0,20000,0,2.37,0.6299999999999999,1375.0,0.99,0.0,0.92,0,8,0,0,0,0,59.0
Eat+,0.09,945,3/31/2029,0,8.4,11.6,0.5656854249492386,27.5,12.5,19000,1000,2.6,0.3999999999999999,1400.0,1.0,1600.0,0.99,0,8,0,0,0,0,58.0
Actual,0.08,696,3/6/2029,0,12.7,7.3,0.4242640687119289,39.99,14.990000000000002,23000,0,1.72,1.72,1385.0,1.0,1500.0,1.0,1,8,0,0,0,1,56.0
Apple,0.07,620,4/1/2029,0,12.7,7.3,0.4242640687119289,44.49,19.490000000000002,23000,0,1.5,1.5,1385.0,0.91,2000.0,1.0,1,8,0,0,0,1,50.0
Beyond,0.07,617,4/23/2029,0,13.0,7.0,0.0,45.0,20.0,23000,0,1.23,1.23,2000.0,0.92,750.0,0.96,1,8,0,1,0,1,52.0
Apt,0.07,613,4/19/2029,0,13.0,7.0,0.0,44.49,19.490000000000002,23000,0,1.27,1.27,1700.0,0.87,1000.0,1.0,1,8,0,0,0,1,52.0
Beau,0.06,579,4/21/2029,0,13.0,7.0,0.0,44.5,19.5,23000,0,1.58,1.58,1385.0,1.0,750.0,0.96,1,8,0,0,0,1,49.0
Fungus,0.06,577,4/24/2029,0,12.8,7.2,0.2828427124746186,45.0,20.0,23000,0,1.23,1.23,1800.0,0.87,0.0,0.89,1,8,0,1,0,1,47.0
Dazed,0.06,576,4/11/2029,0,13.0,7.0,0.0,45.0,20.0,23000,0,1.59,1.59,1400.0,1.0,1500.0,0.95,1,8,0,1,0,1,49.0
Emu,0.06,575,4/14/2029,1,13.0,7.0,0.0,44.99,19.990000000000002,23000,0,1.52,1.52,1700.0,1.0,1600.0,0.99,1,8,0,0,0,1,51.0
Dazzle,0.06,563,4/11/2029,0,13.0,7.0,0.0,45.0,20.0,23000,0,1.65,1.65,1400.0,1.0,1500.0,0.95,1,8,0,1,0,1,48.0
Fantom,0.06,560,4/24/2029,0,12.8,7.2,0.2828427124746186,45.0,20.0,23000,0,1.57,1.57,1375.0,0.99,500.0,0.89,1,8,0,1,0,1,46.0
Beam,0.06,559,4/21/2029,1,13.0,7.0,0.0,44.0,19.0,23000,0,1.63,1.63,1385.0,1.0,750.0,0.96,1,8,0,0,0,1,49.0
Bravo,0.06,555,4/27/2029,1,12.9,7.1,0.141421356237309,43.5,18.5,23000,0,1.63,1.63,1385.0,1.0,750.0,0.96,1,8,0,0,0,1,50.0
